International Visitors;World Region;;2000;2001;2002;2003;2004;2005;2006;2007;2008;2009;2010;2011;2012;2013;2014;2015;2016;2017;2018;2019;2020;2021;2022;2023;2024;;;Notes:
;;;;;;;;;;;;;;;;;;;;;;;;;;;;;;
TOTAL ALL COUNTRIES;;;44.680.701;39.187.795;35.987.060;34.463.949;38.172.774;49.205.955;50.977.390;56.134.944;58.007.274;55.102.743;60.010.360;63.477.416;66.966.897;71.642.907;75.379.354;77.773.526;76.407.488;77.186.746;79.745.918;79.441.595;19.212.014;22.280.100;50.770.685;66.349.859;72.390.321;;TOTAL All Countries;Canada and Mexico volumes, and the North America and Total All Countries annual volume sums for 2023 and 2024 are subject to revision in February 2026.
;;;;;;;;;;;;;;;;;;;;;;;;;;;;;;
OVERSEAS;;;25.974.701;21.832.868;19.116.707;18.026.213;20.322.257;21.678.528;21.668.290;23.892.277;25.341.451;23.756.184;26.362.616;28.539.631;30.070.908;33.688.677;35.295.842;38.700.150;38.129.404;38.905.524;39.883.361;40.393.346;7.594.470;9.174.707;23.952.957;31.468.481;35.159.249;;OVERSEAS (NET);Canada and Mexico volumes, and the North America and Total All Countries annual volume sums for 2023 and 2024 are subject to revision in February 2026.
;;;;;;;;;;;;;;;;;;;;;;;;;;;;;;
AFRICA;;;295.387;287.066;241.223;236.266;240.752;252.196;252.560;277.776;315.235;293.765;315.645;345.223;383.637;470.670;533.075;572.577;575.615;586.084;597.820;566.677;107.164;153.841;366.585;530.513;588.177;;AFRICA;
ASIA;;;7.554.444;6.315.500;5.689.319;5.003.261;5.801.834;6.198.087;6.151.748;6.377.494;6.178.602;5.668.721;7.019.502;7.490.432;8.468.356;9.516.278;9.832.750;10.945.633;11.537.906;12.137.018;11.874.014;12.250.386;2.164.850;1.289.368;4.123.899;7.549.188;9.182.300;;ASIA;
CARIBBEAN;;;1.331.297;1.201.811;1.052.576;998.266;1.094.908;1.134.886;1.198.027;1.316.902;1.201.149;1.206.068;1.200.740;1.096.278;1.097.104;1.234.995;1.338.892;1.479.439;1.586.882;1.670.632;1.793.081;1.920.918;511.143;990.181;1.351.558;1.654.486;1.799.752;;CARIBBEAN;
CENTRAL AMERICA;;;821.614;770.803;704.050;655.841;691.580;696.207;693.821;786.281;775.590;757.905;760.441;755.250;795.611;882.319;942.540;1.076.648;1.187.209;1.167.986;1.283.374;1.359.559;391.141;1.180.707;1.191.561;1.473.063;1.611.508;;CENTRAL AMERICA;
EASTERN EUROPE;;;421.959;384.674;354.905;344.594;380.059;432.702;460.069;512.825;584.602;571.598;606.422;688.243;726.809;903.153;977.016;967.414;1.000.807;1.089.981;1.088.101;1.143.816;248.940;263.947;704.786;930.347;1.098.994;;EASTERN EUROPE;
WESTERN EUROPE;;;11.175.161;9.111.460;8.247.779;8.294.083;9.305.859;9.879.934;9.675.462;10.893.661;12.198.081;10.978.668;11.378.767;12.245.541;11.930.261;12.668.124;13.292.127;14.822.680;13.830.360;13.883.744;14.335.789;14.562.327;2.219.577;1.697.633;10.341.306;12.229.492;13.067.365;;WESTERN EUROPE;
MIDDLE EAST;;;702.105;644.156;482.534;447.112;502.170;527.361;552.730;619.818;680.974;665.942;735.549;852.208;953.350;1.110.337;1.254.143;1.368.534;1.342.230;1.181.644;1.197.387;1.215.830;261.869;512.779;861.107;1.035.463;1.101.913;;MIDDLE EAST;
OCEANIA;;;731.263;586.309;529.091;524.599;659.753;736.840;756.226;833.718;851.619;871.982;1.095.252;1.264.474;1.336.251;1.572.372;1.592.046;1.767.838;1.661.486;1.632.394;1.686.879;1.640.992;256.720;67.396;798.444;1.232.590;1.310.431;;OCEANIA;
SOUTH AMERICA;;;2.941.471;2.531.089;1.815.230;1.522.191;1.645.342;1.820.315;1.927.647;2.273.802;2.555.599;2.741.535;3.250.298;3.801.982;4.379.529;5.330.429;5.533.253;5.699.387;5.406.909;5.556.041;6.026.916;5.732.841;1.433.066;3.018.855;4.213.711;4.833.339;5.398.809;;SOUTH AMERICA;
;;;;;;;;;;;;;;;;;;;;;;;;;;;;;;
Overseas (air only);;;25.278.455;21.231.280;18.622.156;17.545.842;19.746.198;20.885.148;20.571.843;22.586.648;23.979.322;22.407.141;24.585.877;26.556.582;27.943.043;31.404.878;33.205.790;37.058.452;36.581.414;37.410.877;38.353.856;38.443.192;7.269.827;8.957.843;22.221.737;28.593.935;31.673.110;;Overseas (air only);
Canada (air only);;;5.372.430;4.654.873;4.180.876;4.173.306;4.583.391;5.119.972;5.521.020;5.882.840;6.347.820;6.098.292;6.910.033;7.471.903;7.691.420;8.057.093;8.243.286;7.968.265;7.810.277;8.807.606;9.587.328;9.013.234;2.574.253;1.471.093;7.173.912;10.569.762;9.654.349;;Canada (air only);
Mexico (air only);;;1.736.609;1.512.980;1.436.727;1.359.418;1.493.971;1.668.432;1.713.158;1.878.399;1.708.320;1.511.110;1.674.913;1.985.450;2.128.785;2.444.903;2.514.226;2.674.721;2.584.674;2.516.015;2.757.208;2.796.528;1.088.569;3.306.646;2.542.768;3.016.472;3.464.397;;Mexico (air only);
;;;;;;;;;;;;;;;;;;;;;;;;;;;;;;
Afghanistan;Asia;;129;125;135;227;304;671;678;717;548;1.138;1.261;1.800;1.409;1.827;2.732;2.956;3.113;2.024;2.246;3.170;928;898;3.159;4.520;5.194;;Afghanistan;
Albania;Eastern Europe;;5.737;4.453;4.405;4.101;4.160;5.986;4.850;5.178;6.317;5.230;5.480;5.217;5.216;6.054;6.583;9.678;12.317;15.757;17.782;18.715;6.014;9.090;16.060;25.232;30.352;;Albania;
Algeria;Africa;;3.294;3.268;1.988;1.631;1.802;2.409;2.894;3.283;4.274;4.592;4.116;5.266;5.446;7.361;10.467;10.740;11.848;12.438;12.690;13.523;1.858;1.045;7.583;18.932;22.586;;Algeria;
Andorra;Western Europe;;1.235;954;777;800;866;1.180;1.133;1.361;1.791;1.449;1.453;1.283;1.201;1.202;1.454;1.391;1.589;1.508;1.968;2.218;341;313;2.096;2.702;2.655;;Andorra;
Angola;Africa;;3.146;3.207;2.912;2.781;3.060;3.651;4.418;5.113;5.633;6.446;6.610;8.218;10.351;12.364;13.645;11.895;8.845;8.655;7.807;6.620;1.191;1.486;3.653;4.938;5.578;;Angola;
Anguilla;Caribbean;;5.177;4.121;3.050;3.451;4.104;5.090;5.655;6.712;6.280;5.020;3.362;2.535;2.071;1.487;1.049;890;997;818;1.245;1.988;366;659;1.730;2.136;2.271;;Anguilla;
Antigua and Barbuda;Caribbean;;24.918;20.207;16.317;16.479;18.585;19.966;20.949;20.611;19.713;17.213;16.719;15.807;14.703;15.088;14.341;15.605;16.428;14.885;16.437;18.229;3.702;8.360;14.386;18.022;20.685;;Antigua and Barbuda;
Argentina;South America;;533.936;434.011;164.658;150.719;167.726;188.865;212.096;266.971;318.144;356.428;436.192;518.050;608.715;711.119;692.446;798.567;926.321;1.018.177;994.035;854.442;197.748;301.794;524.841;596.155;687.444;;ARGENTINA;
Armenia;Eastern Europe;;8.663;6.634;4.453;3.244;3.664;3.633;3.668;3.271;3.713;3.546;3.183;3.152;4.469;5.499;6.055;6.745;9.873;11.656;12.450;14.896;5.869;9.697;11.920;17.871;21.085;;Armenia;
Aruba;Caribbean;;;;;;;;;;;22.368;16.074;14.785;17.348;17.895;17.813;16.634;9.718;10.096;22.127;25.927;7.456;18.444;21.635;20.413;18.671;;Aruba;
Australia;Oceania;;539.559;425.934;407.130;405.698;519.955;581.773;603.275;669.536;689.927;723.576;904.247;1.052.480;1.131.611;1.307.582;1.308.707;1.453.103;1.350.508;1.323.703;1.362.431;1.319.238;208.707;52.439;641.772;954.481;1.025.011;;AUSTRALIA;
Austria;Western Europe;;175.533;123.295;97.930;99.924;112.950;117.688;117.191;131.339;158.764;162.569;168.403;183.135;185.807;195.610;202.997;221.305;199.332;198.713;201.733;202.239;31.010;28.880;148.129;180.828;196.253;;Austria;
Azerbaijan;Eastern Europe;;1.951;1.562;1.322;1.508;1.563;1.587;2.207;2.636;3.236;3.121;3.518;3.973;4.819;5.444;6.667;6.390;7.093;7.272;7.183;7.777;1.642;2.159;4.948;7.639;9.869;;Azerbaijan;
Bahamas, the;Caribbean;;293.911;293.022;262.469;253.229;265.681;237.140;243.300;256.433;180.914;224.812;243.204;227.803;215.675;229.316;221.465;235.801;262.047;274.437;274.674;301.586;67.209;161.651;224.138;292.612;316.499;;Bahamas, The;
Bahrain;Middle East;;6.735;6.256;3.802;3.745;4.148;5.176;5.630;6.623;7.517;6.566;7.733;7.433;8.525;8.583;9.308;10.354;10.526;9.391;9.914;9.315;1.695;4.191;6.150;7.373;7.872;;Bahrain;
Bangladesh;Asia;;12.724;12.218;9.585;8.434;8.384;9.637;8.288;8.196;8.741;10.175;11.561;13.413;16.442;25.886;34.134;33.847;33.794;31.305;35.655;36.611;8.907;22.814;42.911;58.508;65.228;;Bangladesh;
Barbados;Caribbean;;57.071;46.494;41.934;41.558;49.198;51.233;54.096;55.916;54.891;52.010;54.486;51.698;49.910;54.356;51.916;54.407;60.329;58.506;60.556;63.742;9.092;16.371;36.671;48.154;58.787;;Barbados;
Belarus;Eastern Europe;;4.444;4.338;4.451;5.033;4.751;5.225;5.982;6.192;5.762;5.764;6.693;7.897;9.235;10.448;11.644;14.168;17.357;18.154;20.183;20.729;4.827;1.573;4.613;9.380;9.733;;Belarus;
Belgium;Western Europe;;249.957;181.693;159.052;151.069;175.997;191.596;188.311;216.579;265.383;245.710;254.892;263.682;262.721;277.324;290.436;318.329;276.722;278.127;294.221;292.390;44.961;33.073;215.075;264.984;283.933;;Belgium;
Belize;Central America;;30.352;28.682;22.327;22.074;21.430;20.533;21.968;22.184;20.757;20.227;18.641;17.531;18.049;20.945;21.440;25.121;26.057;25.949;26.646;28.692;6.201;17.110;27.719;34.741;40.319;;Belize;
Benin;Africa;;741;670;669;698;795;1.045;1.260;1.389;1.715;1.582;1.876;1.972;1.974;1.942;2.274;2.408;2.363;2.204;2.151;2.150;507;576;1.516;2.224;3.005;;Benin;
Bermuda;Caribbean;;7.474;7.107;6.227;13.382;15.996;16.120;13.230;23.311;23.445;20.743;17.378;10.898;14.423;56.525;73.597;73.082;72.469;70.749;80.675;84.108;19.123;31.651;53.722;69.309;63.977;;Bermuda;
Bhutan;Asia;;150;230;154;188;187;188;183;309;368;230;210;233;234;426;698;773;713;732;803;874;158;141;514;987;1.168;;Bhutan;
Bolivia;South America;;49.135;34.943;25.011;22.307;22.843;21.786;22.785;27.611;29.942;31.966;32.504;35.484;36.165;45.373;50.517;62.131;69.350;67.318;70.688;72.781;23.874;57.686;63.131;72.652;75.260;;Bolivia;
Bonaire, St. Eustatius, Saba;Caribbean;;;;;;;;;;;;;;;9;293;333;292;332;859;;;;;;;;Bonaire, St Eustatius;
Bosnia and Herzegovina;Western Europe;;5.430;4.755;4.068;4.154;4.656;4.700;4.753;4.939;4.370;3.897;4.233;4.777;4.811;5.179;6.182;6.729;7.262;7.833;8.457;8.453;2.197;2.444;5.867;8.039;9.102;;Bosnia and Herzegovina;
Botswana;Africa;;2.391;2.490;2.116;1.873;2.273;2.269;2.038;2.356;2.572;2.300;2.279;2.216;2.182;1.835;1.956;2.333;2.222;2.230;2.347;2.566;435;481;1.852;2.401;2.604;;Botswana;
Brazil;South America;;737.245;551.406;405.094;348.945;384.734;485.373;525.271;639.431;769.232;892.611;1.197.866;1.519.009;1.772.940;2.108.357;2.274.305;2.228.291;1.725.479;1.912.447;2.209.372;2.104.617;423.689;239.336;1.224.974;1.624.719;1.910.256;;BRAZIL;
British Virgin Islands;Caribbean;;29.708;23.745;14.497;14.748;16.902;19.487;20.266;22.338;22.195;23.961;20.262;15.200;14.770;23.712;28.969;30.025;26.830;21.461;24.753;30.811;8.662;7.001;17.319;21.560;17.909;;British Virgin Islands;
Brunei;Asia;;1.230;943;762;702;696;763;958;1.168;1.210;1.080;1.095;1.369;1.432;1.543;1.466;1.414;1.254;1.125;1.382;1.416;204;116;697;1.148;1.126;;Brunei Darussalam;
Bulgaria;Eastern Europe;;11.418;11.996;13.858;13.868;14.639;16.565;18.123;20.299;23.771;20.000;20.200;21.105;20.790;23.521;25.145;26.463;28.080;29.471;29.886;31.774;7.633;8.302;20.553;30.351;33.368;;Bulgaria;
Burkina Faso;Africa;;946;1.199;1.134;1.075;1.129;1.493;1.692;1.701;1.651;1.882;1.771;2.156;2.395;3.089;4.399;5.622;5.752;4.434;4.015;4.156;767;1.445;2.702;2.991;3.169;;Burkina Faso;
Burma (Myanmar);Asia;;1.357;1.301;1.461;829;945;760;1.039;1.136;1.174;1.536;1.960;1.983;2.398;3.508;4.997;6.001;7.694;9.161;9.611;10.908;1.943;1.891;3.735;9.802;9.732;;Myanmar (formerly Burma);
Burundi;Africa;;308;475;289;181;294;506;720;600;501;479;671;719;864;1.388;1.403;1.594;1.831;2.034;1.662;1.232;221;298;989;1.185;1.409;;Burundi;
Cameroon;Africa;;3.124;4.279;5.003;5.214;4.366;4.759;4.958;5.339;5.222;5.072;5.517;5.724;5.278;6.227;7.892;9.059;11.300;11.484;9.777;7.836;1.381;1.116;7.310;11.014;13.323;;Cameroon;
Canada;North America;;14.667.000;13.526.927;13.024.353;12.665.736;13.856.517;14.862.096;15.992.242;17.759.571;18.910.210;17.973.474;20.175.617;21.336.761;22.697.345;23.406.993;23.013.691;20.699.152;19.287.499;20.493.214;21.475.152;20.720.068;4.808.888;2.529.022;14.382.227;20.514.314;20.241.121;;CANADA;Source: Statistics Canada.  Canada and Mexico volumes, and the North America and Total All Countries annual volume sums for 2023 and 2024 are subject to revision in February 2026.
Cape Verde;Africa;;3.906;4.958;1.744;1.211;1.208;1.559;1.562;2.070;2.180;2.708;2.517;1.838;1.713;4.041;4.945;4.669;5.577;5.242;4.785;4.766;588;1.142;2.722;4.115;4.702;;Cabo Verde (Cape Verde);
Cayman Islands;Caribbean;;52.922;46.252;35.069;37.160;49.191;46.353;47.534;53.530;51.078;51.085;46.558;42.970;43.343;43.329;39.875;38.876;33.226;30.684;48.779;70.885;12.325;8.834;47.042;59.627;46.484;;Cayman Islands;
Central African Republic;Africa;;159;228;169;47;49;341;390;292;230;166;234;267;220;321;341;322;368;303;426;786;243;216;1.394;2.501;2.967;;Central African Republic;
Chad;Africa;;240;229;229;230;222;349;335;458;275;424;265;268;274;458;841;716;742;801;666;718;119;295;721;1.466;1.076;;Chad;
Chile;South America;;192.361;150.350;115.359;95.389;101.171;101.550;110.143;123.152;130.813;126.609;146.736;173.807;187.544;225.336;253.485;311.554;342.721;330.350;364.622;383.908;131.950;207.333;411.931;414.551;392.239;;Chile;
China;Asia;;249.441;232.416;225.565;157.326;202.544;270.272;320.450;397.405;492.958;524.817;801.738;1.112.287;1.465.503;1.872.033;2.224.787;2.628.570;3.049.942;3.173.915;2.991.813;2.829.970;378.080;191.776;368.111;1.078.056;1.625.960;;CHINA;
Christmas Island;Oceania;;21;17;14;15;11;6;5;3;0;5;7;12;2;27;36;38;42;19;25;30;8;13;24;46;56;;Christmas Island;
Cocos Islands;Oceania;;3;4;11;3;5;9;7;20;11;6;4;10;7;25;42;27;32;25;32;44;24;30;62;89;98;;Cocos Islands;
Colombia;South America;;417.065;371.747;321.439;280.259;295.371;325.398;348.388;389.752;419.268;424.526;494.739;504.845;598.135;789.894;891.709;861.907;852.618;841.931;942.617;944.013;270.110;1.063.659;943.819;932.060;1.068.997;;COLOMBIA;
Comoros;Africa;;23;22;19;10;6;8;18;20;22;30;19;22;24;85;134;95;116;118;149;120;20;58;60;97;124;;Comoros;
Congo;Africa;;1.604;2.273;1.432;1.111;1.223;1.449;1.267;1.416;1.587;1.841;2.077;2.474;2.811;1.814;1.719;1.648;1.389;1.185;1.376;1.200;168;268;983;1.739;1.785;;Congo, Republic of;
Cook Islands;Oceania;;542;342;244;456;469;355;215;290;311;227;66;45;38;77;111;61;60;59;73;79;19;27;83;237;212;;Cook Islands;
Costa Rica;Central America;;176.056;143.434;124.993;112.880;127.112;133.820;130.702;160.444;165.257;157.471;165.594;170.364;178.025;193.357;204.622;231.809;284.614;277.344;316.102;334.591;102.141;266.772;255.410;311.393;351.888;;Costa Rica;
Côte d'Ivoire;Africa;;5.226;5.127;2.514;1.649;1.638;1.463;2.132;1.944;2.583;2.892;2.422;1.742;2.361;5.198;6.418;7.235;7.935;7.583;8.298;8.605;1.588;1.290;5.054;8.221;9.612;;Côte d'Ivoire;
Croatia;Western Europe;;11.244;10.073;9.676;9.685;11.176;11.722;12.290;14.447;17.270;15.407;15.105;15.886;14.701;16.953;18.580;20.727;22.312;24.287;25.219;26.922;6.132;7.369;24.830;34.365;40.388;;Croatia;
Cuba;Caribbean;;48.614;31.425;26.880;18.543;22.762;18.847;20.356;17.208;22.395;32.666;37.871;20.009;22.617;46.818;56.360;60.138;65.819;104.695;116.437;106.432;27.577;14.559;23.275;14.436;21.942;;Cuba;
Curacao;Caribbean;;;;;;;;;;;;;1;1;449;5.744;5.735;5.276;7.523;14.655;21.761;3.723;10.221;14.535;15.473;14.611;;Curacao;
Cyprus;Middle East;;12.152;10.893;9.378;9.485;9.087;9.698;9.215;10.143;11.517;10.174;10.136;9.705;8.862;8.451;9.257;9.536;10.471;11.278;11.885;12.591;1.952;2.384;7.967;11.228;12.629;;Cyprus;
Czech Republic;Eastern Europe;;43.758;39.018;26.209;33.174;30.944;35.341;36.659;42.915;49.485;65.060;63.909;77.488;77.314;84.841;92.322;102.856;100.034;114.392;119.433;127.022;19.960;15.087;87.432;110.551;123.444;;Czech Republic;
Denmark;Western Europe;;149.211;126.345;118.716;125.435;150.839;174.581;185.337;217.593;256.604;245.623;258.788;278.237;274.118;279.642;313.072;354.203;327.074;332.987;331.374;314.060;48.277;28.133;214.340;236.176;235.894;;Denmark;
Djibouti;Africa;;403;236;127;191;136;117;145;181;224;354;363;353;327;240;429;446;993;845;289;244;55;49;225;359;365;;Djibouti;
Dominica;Caribbean;;16.174;14.221;17.271;6.792;8.831;5.765;6.096;5.352;6.635;6.857;7.379;6.223;6.528;6.970;6.277;6.487;6.815;6.491;6.725;7.100;1.373;2.293;4.963;6.714;8.270;;Dominica;
Dominican Republic;Caribbean;;197.298;171.568;153.586;153.019;180.048;221.449;236.622;263.452;226.184;227.948;239.972;235.098;242.260;254.133;280.114;324.322;364.787;423.079;451.058;488.703;178.707;405.869;431.672;504.319;556.591;;Dominican Republic;
East Timor;Asia;;0;0;27;8;14;10;7;0;166;0;6;4;6;26;96;108;73;95;101;136;28;18;57;96;110;;Timor-Leste (East Timor);
Ecuador;South America;;129.938;147.527;139.094;119.737;133.046;143.073;147.173;155.328;152.112;168.432;195.546;213.436;207.642;265.010;338.724;375.705;416.109;418.009;450.857;456.741;169.366;407.417;369.927;468.419;492.163;;Ecuador;
Egypt;Middle East;;44.612;41.438;24.315;20.225;20.772;24.048;27.129;30.449;34.855;36.044;41.949;49.791;64.967;70.759;74.935;79.185;83.357;73.842;77.248;82.412;24.407;36.246;53.592;75.042;78.369;;Egypt;
El Salvador;Central America;;184.574;207.890;197.159;177.240;181.209;164.492;153.835;159.783;136.494;123.185;112.346;99.546;99.355;109.737;127.467;172.050;189.168;186.254;212.263;230.516;61.329;203.053;220.089;272.193;284.969;;El Salvador;
Equatorial Guinea;Africa;;150;133;83;78;43;72;119;223;303;397;368;521;577;1.142;1.600;1.348;1.388;1.319;1.427;1.496;336;507;1.192;1.342;1.071;;Equatorial Guinea;
Eritrea;Africa;;407;599;1.025;1.034;1.039;915;789;320;245;248;263;294;364;1.064;2.019;2.326;3.308;2.247;881;800;236;280;684;987;1.856;;Eritrea;
Estonia;Eastern Europe;;6.745;5.894;5.630;5.569;5.919;6.625;7.547;10.253;11.686;15.677;10.753;12.268;14.220;17.133;17.742;20.684;22.441;21.974;22.017;24.153;5.187;3.304;15.851;19.709;22.139;;Estonia;
Ethiopia;Africa;;5.177;5.382;4.749;5.582;4.975;4.707;6.444;7.782;8.713;8.629;8.630;10.568;11.468;13.854;14.521;15.572;21.135;20.839;22.328;21.890;5.870;15.026;16.508;26.244;31.512;;Ethiopia;
Falkland Islands;South America;;113;99;106;94;74;76;79;64;130;110;51;61;78;93;87;68;60;71;110;87;47;20;110;180;160;;Falkland Islands;
Faroe Islands;Western Europe;;;;;;;;;;;;;;;8;344;333;336;311;331;436;49;20;256;336;416;;Faroe Islands;
Fiji;Oceania;;6.817;5.789;4.112;3.408;3.685;4.893;4.811;5.246;5.133;4.588;6.456;7.096;7.202;8.351;7.473;8.121;8.737;7.330;8.224;8.346;1.390;1.021;7.263;8.996;10.096;;Fiji;
Finland;Western Europe;;93.649;72.864;64.860;67.761;78.612;89.125;87.904;96.173;118.448;114.364;111.840;122.964;126.713;133.887;142.100;155.380;150.704;145.717;141.297;142.405;29.130;12.022;79.288;101.861;106.759;;Finland;
France;Western Europe;;1.087.087;875.854;734.260;688.887;775.274;878.648;789.815;997.506;1.243.942;1.204.490;1.342.207;1.551.027;1.484.732;1.601.301;1.675.898;1.767.343;1.641.152;1.667.506;1.767.461;1.843.782;297.785;222.036;1.317.882;1.592.934;1.706.081;;FRANCE;
French Guiana;South America;;158;168;94;102;181;233;269;303;314;536;612;761;1.063;1.059;1.605;1.378;876;1.075;1.910;2.058;219;93;986;1.272;1.873;;French Guiana;
French Polynesia;Oceania;;3.373;2.293;2.176;2.434;2.831;3.973;3.857;4.777;5.181;7.027;5.237;5.694;3.194;4.294;4.697;2.497;1.885;1.034;2.852;4.185;1.035;1.088;5.978;7.910;8.955;;French Polynesia;
Gabon;Africa;;1.404;1.197;1.031;980;1.062;1.341;1.250;1.466;1.762;1.584;1.793;2.132;2.266;2.435;2.785;2.773;2.679;2.396;2.384;2.363;495;723;1.627;2.037;2.060;;Gabon;
Gambia;Africa;;2.966;2.336;3.382;2.910;2.055;1.868;1.288;1.384;1.381;1.859;2.341;2.378;1.840;2.002;2.010;1.732;1.716;1.662;1.722;1.870;463;741;1.275;1.828;1.919;;Gambia, The;
Georgia;Eastern Europe;;2.173;2.153;2.618;3.106;2.811;2.360;2.583;2.525;2.987;2.966;3.496;3.597;4.041;5.088;7.199;9.177;7.956;2.572;111;10.481;2.462;4.539;7.747;10.557;12.051;;Georgia;
Germany;Western Europe;;1.786.045;1.313.756;1.189.856;1.180.212;1.319.904;1.415.530;1.385.520;1.524.151;1.782.299;1.686.825;1.726.193;1.874.119;1.911.441;2.021.597;2.073.675;2.284.912;2.046.288;2.080.425;2.062.462;2.063.767;293.967;249.154;1.481.008;1.838.481;1.994.786;;GERMANY;
Ghana;Africa;;16.073;17.184;18.957;20.760;18.679;15.155;12.710;14.625;18.507;17.069;18.554;20.053;20.930;23.014;23.089;22.638;23.509;24.106;29.360;31.904;5.680;13.670;26.443;38.523;44.422;;Ghana;
Gibraltar;Western Europe;;1.363;929;690;841;1.336;1.674;1.573;1.659;2.058;1.656;1.304;987;1.130;1.383;1.407;1.510;1.298;1.042;1.688;1.750;225;223;1.409;1.544;1.442;;Gibraltar;
Greece;Western Europe;;61.361;49.371;44.839;40.993;43.208;49.835;49.923;58.292;63.760;56.748;64.581;64.738;59.547;63.847;64.478;71.396;74.444;82.635;82.796;84.691;14.358;16.140;66.877;79.388;90.682;;Greece;
Grenada;Caribbean;;10.412;8.656;7.161;7.509;8.691;8.083;8.182;8.325;8.673;8.202;8.507;8.174;7.453;8.322;8.039;9.623;9.559;10.388;11.032;12.588;2.095;4.887;9.348;14.352;16.516;;Grenada;
Guadeloupe;Caribbean;;10.253;7.448;6.290;6.019;6.623;7.844;6.486;7.613;9.750;9.964;8.205;6.321;6.122;5.474;4.303;5.574;5.093;5.319;9.251;9.145;1.467;2.527;4.891;6.277;7.334;;Guadeloupe;
Guatemala;Central America;;185.677;171.955;162.367;151.891;161.983;170.076;173.793;201.286;188.177;189.455;188.218;185.336;193.316;211.103;223.761;234.636;256.407;252.248;272.671;282.094;80.092;279.896;256.613;325.275;371.476;;Guatemala;
Guinea;Africa;;4.184;4.334;3.589;3.958;3.528;2.822;2.707;2.522;2.348;1.827;1.536;1.755;1.966;1.727;2.282;2.284;2.877;2.705;2.657;2.537;527;704;1.757;2.921;3.723;;Guinea;
Guinea-Bissau;Africa;;71;64;30;15;12;24;23;18;25;24;37;46;33;118;166;173;180;178;196;196;44;92;176;187;207;;Guinea-Bissau;
Guyana;South America;;17.435;16.955;19.358;15.991;14.777;16.091;14.195;13.760;12.974;14.774;15.601;16.749;23.545;30.264;36.954;50.988;62.067;60.648;55.565;52.243;11.514;37.313;50.091;64.837;78.622;;Guyana;
Haiti;Caribbean;;72.190;65.169;59.444;59.756;60.521;63.970;58.918;83.837;91.748;80.572;87.334;83.648;85.403;96.873;113.561;125.189;147.478;136.002;131.003;126.295;48.332;69.703;62.301;51.551;41.487;;Haiti;
Heard Island and McDonald Islands;Oceania;;;;;;;;;;;;;;;3;19;22;17;10;17;18;6;3;18;37;57;;Heard and Mcdonald Island;
Holy See/Vatican;Western Europe;;28;19;8;13;7;14;8;15;19;15;32;59;53;105;106;114;101;95;160;170;71;64;154;167;198;;Holy See/Vatican;
Honduras;Central America;;90.714;87.645;85.322;82.099;85.506;89.718;92.445;111.059;116.902;115.405;115.616;121.218;128.801;146.576;155.606;175.368;196.765;206.638;213.389;219.472;69.027;241.579;235.716;300.428;323.517;;Honduras;
Hong Kong;Asia;;203.300;170.267;135.409;114.112;123.335;135.108;137.278;142.419;139.359;116.023;131.712;130.986;132.706;126.887;122.693;133.491;132.654;147.168;151.740;155.243;22.631;9.814;43.204;93.280;106.299;;Hong Kong;
Hungary;Eastern Europe;;59.174;45.311;35.001;31.984;32.694;37.308;37.257;40.467;42.209;48.806;51.333;59.845;58.466;62.934;68.368;78.267;78.625;86.780;93.716;99.907;17.148;10.721;62.993;78.634;86.679;;Hungary;
Iceland;Western Europe;;27.682;20.868;18.692;21.389;26.777;38.929;42.139;46.796;41.155;28.526;39.153;50.160;46.410;49.429;50.382;56.554;57.856;66.357;73.361;60.241;8.963;8.450;43.980;43.099;45.458;;Iceland;
India;Asia;;274.202;269.674;257.271;272.161;308.845;344.926;406.845;567.045;598.971;549.474;650.935;696.107;747.833;905.834;985.667;1.147.693;1.206.771;1.285.466;1.378.035;1.473.517;335.990;433.305;1.256.915;1.762.369;2.190.345;;INDIA;
Indian Ocean Areas (French);Asia;;;;;;;;;;;;;1;1;0;0;0;0;0;0;0;0;0;0;0;0;;Indian Ocean Areas (French);
Indian Ocean Territory;Asia;;;;;;;;;;;;;0;0;6;22;18;22;93;280;284;66;113;328;418;390;;Indian Ocean Territory;
Indonesia;Asia;;71.390;59.672;45.811;40.744;45.905;51.566;53.133;53.829;49.348;50.243;54.539;69.022;76.197;92.517;98.752;97.805;101.003;106.579;109.143;117.236;15.913;32.901;75.145;100.421;95.025;;Indonesia;
Iran;Middle East;;9.364;8.536;4.996;3.454;4.311;5.330;5.940;6.520;6.098;10.139;11.460;15.101;15.300;19.075;27.186;28.210;24.009;15.553;4.915;5.412;1.181;3.578;11.426;18.267;20.622;;Iran, Islamic Republic of;
Iraq;Middle East;;537;949;541;442;1.046;1.131;993;788;872;1.263;2.207;4.007;6.676;11.208;13.845;11.219;13.491;10.819;9.753;11.374;2.715;839;9.387;15.709;15.465;;Iraq;
Ireland;Western Europe;;285.697;276.806;259.687;254.320;345.119;383.400;414.423;491.055;531.198;411.203;360.492;353.640;335.063;381.981;401.373;451.364;443.005;483.615;530.802;520.692;80.327;49.399;402.619;454.988;494.344;;IRELAND;
Israel;Middle East;;325.199;305.431;263.097;249.034;275.373;284.310;283.889;313.077;332.257;308.213;306.914;310.484;300.882;345.751;361.034;408.836;425.085;421.202;439.153;450.572;84.800;208.264;355.194;376.439;417.077;;Israel;
Italy;Western Europe;;612.357;472.348;406.160;408.633;470.805;545.546;532.829;634.152;779.463;753.310;838.225;907.748;843.851;885.580;970.293;1.045.424;988.860;1.032.107;1.073.383;1.086.026;140.547;135.636;717.593;976.952;1.123.844;;ITALY;
Jamaica;Caribbean;;242.903;229.003;183.903;159.484;163.059;175.351;204.912;221.521;204.982;185.526;178.791;161.645;160.600;180.467;209.323;250.600;278.518;278.420;290.929;293.334;80.837;159.930;206.622;278.940;308.348;;Jamaica;
Japan;Asia;;5.061.377;4.082.661;3.627.264;3.169.682;3.747.620;3.883.906;3.672.584;3.531.489;3.249.578;2.918.268;3.386.076;3.329.014;3.771.563;3.887.328;3.653.454;3.792.997;3.603.786;3.595.607;3.493.313;3.752.980;696.727;121.519;597.330;1.518.522;1.843.879;;JAPAN;
Jordan;Middle East;;17.327;18.490;12.339;11.798;12.265;14.656;14.714;15.572;15.712;15.559;16.459;18.872;20.945;25.167;30.446;37.043;37.950;37.970;37.240;35.482;8.735;15.758;22.513;34.972;33.998;;Jordan;
Kampuchea;Asia;;2.319;3.304;2.575;3.115;3.480;3.056;2.425;2.568;2.664;2.314;2.611;2.457;2.953;4.069;3.521;3.416;4.579;4.667;5.681;6.966;980;1.851;7.976;11.211;11.830;;Kampuchea;
Kazakhstan;Asia;;3.311;3.608;3.602;3.355;3.784;4.992;5.629;7.444;9.133;8.459;10.852;13.177;15.320;17.688;20.810;22.396;21.161;26.080;26.716;28.244;7.182;11.561;21.332;31.827;37.460;;Kazakhstan;
Kenya;Africa;;14.229;20.651;17.275;13.913;14.979;14.118;14.909;16.468;17.296;15.833;15.173;14.151;15.302;17.437;20.764;23.600;25.164;29.499;33.485;35.455;7.225;13.190;21.673;29.930;33.760;;Kenya;
Kiribati;Oceania;;639;578;516;547;453;325;161;190;199;282;258;301;236;270;163;178;231;174;143;174;27;12;86;120;210;;Kiribati;
Kosovo;Eastern Europe;;;;;;;;;;;;;;;414;3.479;3.739;3.997;3.594;5.560;4.192;1.580;380;0;0;0;;Kosovo;
Kuwait;Middle East;;23.930;22.834;14.204;13.775;15.247;18.367;20.866;24.864;28.258;29.888;33.296;40.030;46.821;52.417;66.524;75.259;74.460;60.594;62.658;61.231;14.572;21.350;36.307;39.820;37.652;;Kuwait;
Kyrgyzstan;Asia;;906;796;765;600;641;608;837;1.075;1.252;1.279;1.716;1.908;2.010;3.103;2.438;2.321;2.896;1.992;3.596;3.957;1.277;2.033;5.033;8.710;12.330;;Kyrgyz Republic;
Laos;Asia;;1.045;1.608;1.190;955;1.192;1.724;1.837;1.976;1.503;1.103;808;719;896;2.215;1.760;1.561;1.797;1.685;1.905;1.914;184;48;1.544;2.406;1.299;;Lao P.D.R.;
Latvia;Eastern Europe;;7.161;6.218;5.870;5.280;5.787;6.981;7.693;9.728;10.240;11.270;11.529;13.263;15.339;15.694;16.996;18.989;19.420;21.254;20.349;21.032;4.279;3.501;15.765;19.839;22.480;;Latvia;
Lebanon;Middle East;;18.599;19.401;14.517;12.981;15.074;15.543;15.880;19.251;18.253;17.969;18.847;21.826;24.224;32.773;37.431;38.042;39.104;36.631;36.951;36.548;9.470;14.292;22.655;28.354;29.919;;Lebanon;
Lesotho;Africa;;326;248;272;201;232;269;233;242;246;259;298;350;378;309;329;375;379;391;450;393;66;52;239;388;419;;Lesotho;
Liberia;Africa;;3.823;2.367;1.400;848;1.038;669;976;1.749;1.345;1.086;1.543;1.936;2.984;3.463;4.471;4.386;3.767;3.565;3.483;3.042;465;433;1.004;1.767;1.828;;Liberia;
Libya;Africa;;297;283;212;199;264;542;719;1.476;4.099;2.904;4.440;1.160;2.555;3.127;2.899;2.149;1.336;730;297;393;135;330;979;1.416;2.407;;Libya;
Liechtenstein;Western Europe;;2.011;1.653;1.248;1.099;1.235;1.287;1.468;1.496;1.661;1.877;1.909;2.301;2.161;2.214;2.338;2.592;2.082;2.091;2.159;2.312;294;296;1.482;1.920;2.049;;Liechtenstein;
Lithuania;Eastern Europe;;9.122;11.484;9.482;7.539;6.997;6.959;7.373;9.480;11.355;14.264;8.846;4.411;3.976;15.448;21.855;26.125;27.660;32.375;31.568;34.088;6.135;5.577;27.498;35.013;39.438;;Lithuania;
Luxembourg;Western Europe;;16.385;12.093;9.646;9.522;10.709;12.243;12.202;14.613;18.712;18.084;17.748;18.054;17.521;19.202;19.686;22.218;19.360;17.242;21.836;24.366;3.168;2.608;17.766;22.747;22.868;;Luxembourg;
Macao SAR;Asia;;4.077;3.195;2.377;2.209;2.366;2.986;2.958;3.260;3.573;3.171;3.469;3.452;3.661;3.207;3.258;3.581;4.401;5.104;4.630;3.550;1.646;967;1.717;3.265;3.921;;Macao SAR;
Macedonia;Western Europe;;2.841;2.960;3.404;3.119;2.633;2.656;3.181;3.723;3.804;3.585;4.059;4.662;4.889;5.109;5.408;6.050;6.599;7.660;7.871;7.731;1.963;2.954;6.058;9.234;9.809;;Macedonia, FYR;
Madagascar;Africa;;708;678;500;499;454;593;655;718;880;780;703;761;806;900;1.138;1.195;1.285;1.283;1.495;1.674;299;302;1.391;1.903;1.954;;Madagascar;
Malawi;Africa;;1.365;1.332;1.212;1.098;1.092;1.238;1.055;1.200;1.304;1.210;1.331;1.391;1.528;1.613;1.790;2.210;2.300;2.217;2.384;2.028;491;540;2.000;2.811;2.863;;Malawi;
Malaysia;Asia;;74.507;52.396;40.750;34.274;45.396;51.442;50.597;55.762;54.262;43.292;54.080;61.261;68.384;80.731;83.931;82.129;81.054;81.353;87.881;86.914;12.687;10.259;41.580;65.692;69.743;;Malaysia;
Maldives;Asia;;124;97;72;82;93;150;176;249;243;181;149;164;190;262;361;308;387;259;281;379;73;144;426;542;515;;Maldives;
Mali;Africa;;4.015;3.845;2.743;2.705;1.480;1.688;2.668;2.778;3.273;3.115;3.106;3.072;2.305;3.105;3.196;3.162;3.562;3.388;3.777;3.788;856;1.677;2.505;3.337;3.815;;Mali;
Malta;Western Europe;;8.437;6.679;4.482;4.080;5.157;5.206;4.346;5.084;5.063;4.902;5.380;5.060;5.415;5.664;5.630;6.026;6.250;6.487;7.501;8.583;1.168;1.199;6.695;9.165;10.046;;Malta;
Marshall Islands;Oceania;;0;0;0;0;0;0;0;0;0;0;0;231;241;191;148;110;106;126;97;154;59;52;107;171;224;;Marshall Islands;
Martinique;Caribbean;;9.912;7.500;6.021;5.902;5.531;5.755;4.751;7.080;8.175;8.014;7.706;7.103;6.233;4.511;6.398;7.312;5.593;5.042;7.839;7.101;823;959;2.766;3.530;6.168;;Martinique;
Mauritania;Africa;;707;776;558;564;582;625;496;414;473;496;636;559;576;978;1.487;1.401;1.311;824;703;1.265;360;301;574;698;761;;Mauritania;
Mauritius;Africa;;1.899;1.577;846;701;836;1.245;1.458;1.581;1.776;2.005;2.523;2.772;3.217;3.647;3.788;3.734;3.987;4.013;4.473;5.131;846;692;3.288;4.577;5.669;;Mauritius;
Mayotte;Africa;;0;0;0;0;0;0;0;0;0;0;0;0;0;11;71;65;42;29;55;73;106;47;95;125;136;;Mayotte (Africa - French);
Mexico;North America;;4.039.000;3.828.000;3.846.000;3.772.000;3.994.000;12.665.331;13.316.858;14.483.096;13.755.613;13.373.085;13.472.127;13.601.024;14.198.644;14.547.237;17.069.821;18.374.224;18.990.585;17.788.008;18.387.405;18.328.181;6.808.656;10.576.371;12.435.501;14.367.064;16.989.951;;MEXICO;"Source: Banco de Mexico (2000-2012); INEGI (2013-current).  Canada and Mexico volumes, and the North America and Total All Countries annual volume sums for 2022 and 2023 are subject to revision in February 2025."
Micronesia;Oceania;;;;;;;;;;;;;430;451;586;544;522;473;413;667;598;124;68;312;666;748;;Micronesia;
Moldova;Eastern Europe;;1.625;1.159;1.177;1.427;1.661;2.186;2.549;3.368;3.795;3.976;4.828;5.395;6.399;7.683;7.581;8.464;9.291;8.422;8.653;9.990;3.271;4.492;7.078;9.425;9.256;;Moldova;
Monaco;Western Europe;;5.622;4.550;3.851;3.707;4.136;4.671;4.848;5.520;6.380;6.156;4.725;3.990;4.120;4.043;3.838;3.993;3.652;2.899;4.020;5.084;979;1.075;3.551;3.987;3.506;;Monaco;
Mongolia;Asia;;;;;;;;;;;;;8.144;8.353;10.341;11.947;12.902;13.204;12.758;13.951;15.450;3.000;4.088;10.532;13.975;19.503;;Mongolia;
Montenegro;Western Europe;;;;;;;;;;;;;;;514;3.781;4.751;5.009;3.832;6.331;5.765;1.596;1.715;3.627;5.169;6.138;;Montenegro;
Montserrat;Caribbean;;1.027;727;650;696;810;782;858;761;726;593;344;194;206;294;311;269;280;200;315;404;78;119;207;319;302;;Montserrat;
Morocco;Africa;;19.079;17.106;12.464;11.857;12.538;13.430;13.270;13.922;16.426;16.919;18.657;21.304;21.884;25.318;27.571;30.185;31.062;28.742;28.374;33.901;7.097;11.530;29.482;37.638;43.069;;Morocco;
Mozambique;Africa;;987;918;710;623;689;783;737;749;949;1.151;1.132;1.245;1.491;2.374;2.708;2.361;2.097;2.127;2.378;2.255;429;469;1.486;2.090;1.837;;Mozambique;
Namibia;Africa;;1.144;1.021;883;912;1.033;1.004;1.076;1.208;1.246;1.251;1.430;1.767;1.883;1.872;1.921;2.075;2.022;2.307;2.294;2.428;657;594;1.763;2.246;2.290;;Namibia;
Nauru;Oceania;;476;132;39;18;19;22;14;18;12;15;80;94;89;128;130;118;147;104;105;79;12;13;40;101;182;;Nauru;
Nepal;Asia;;4.101;5.450;6.047;6.270;6.446;8.117;9.768;11.892;14.706;11.908;12.513;12.971;13.124;14.398;18.160;25.968;31.401;31.978;32.077;33.760;8.134;18.436;30.116;42.472;48.525;;Nepal;
Netherlands;Western Europe;;553.297;411.742;384.367;373.690;424.872;448.650;446.785;506.852;607.802;547.790;570.179;620.563;609.077;630.404;645.480;728.596;674.544;700.872;725.283;727.229;111.318;85.829;473.009;572.271;619.261;;NETHERLANDS, THE;
Netherlands Antilles;Caribbean;;60.042;52.378;58.043;54.170;56.179;59.126;62.412;66.250;65.516;43.114;26.615;10.892;9.088;5.268;3.389;3.873;1.802;1.749;2.291;1.872;292;1.673;1.328;1.598;1.746;;Netherlands Antilles;
New Caledonia;Oceania;;1.759;1.476;1.025;961;1.116;1.273;1.139;1.244;1.605;1.459;782;494;455;885;806;777;544;556;1.008;1.135;251;59;558;997;939;;New Caledonia;
New Zealand;Oceania;;172.012;144.216;109.580;107.214;127.394;139.780;138.486;147.735;145.325;131.012;174.619;192.513;187.745;244.278;264.355;296.704;292.884;294.119;306.566;299.447;43.844;11.711;138.306;252.538;256.808;;New Zealand;
Nicaragua;Central America;;46.892;43.483;36.387;37.244;38.308;38.713;39.720;44.196;45.171;42.194;41.050;40.985;45.788;49.080;52.507;59.831;62.876;62.254;67.477;67.485;16.900;44.507;50.846;68.845;74.359;;Nicaragua;
Niger;Africa;;1.433;2.118;4.930;1.720;3.614;2.903;2.194;1.084;1.084;1.039;978;950;1.093;1.084;1.033;1.269;1.259;1.414;1.345;1.184;342;334;955;835;1.290;;Niger;
Nigeria;Africa;;27.124;37.406;40.128;46.938;45.606;47.397;44.999;52.996;72.669;68.505;79.427;85.243;103.202;146.914;176.520;194.670;191.027;196.885;187.057;150.108;24.595;39.576;72.040;114.263;116.969;;Nigeria;
Niue;Oceania;;10;18;11;6;3;11;7;8;10;7;6;17;7;12;19;14;13;25;34;23;5;3;16;26;61;;Niue;
North Korea;Asia;;28;16;29;29;6;15;36;23;17;27;127;132;163;258;299;395;445;225;525;600;173;174;616;1.239;959;;North Korea;
Norway;Western Europe;;147.540;123.268;112.593;113.233;130.400;139.043;145.359;172.882;213.983;193.318;221.145;253.047;266.087;297.010;319.072;324.394;278.000;287.407;280.565;267.930;42.204;21.591;143.118;171.060;173.412;;Norway;
Oman;Middle East;;5.396;5.051;3.468;2.911;3.221;3.447;3.422;4.175;4.771;4.727;4.812;5.708;7.408;9.165;10.912;11.939;11.473;10.745;11.747;11.564;3.859;4.839;7.048;7.194;6.983;;Oman;
Pakistan;Asia;;51.942;57.732;39.442;31.222;34.233;33.234;31.978;34.071;35.738;36.426;38.954;39.643;44.734;56.474;69.843;86.926;100.746;90.978;95.465;96.580;26.065;44.697;81.157;109.653;143.347;;Pakistan;
Palau;Oceania;;;;;;;;;;;;;2.839;2.762;2.540;1.409;185;165;180;171;141;30;55;190;188;312;;Palau;
Palestine;Middle East;;;;;;;;;;;;;;;483;5.427;5.771;7.618;6.680;6.219;5.998;1.246;2.383;4.526;7.526;10.264;;Palestine;
Panama;Central America;;107.349;87.714;75.495;72.413;76.032;78.855;81.358;87.329;102.832;109.968;118.976;120.270;132.277;151.521;157.137;177.833;171.322;157.299;174.826;196.709;55.451;127.790;145.168;160.188;164.980;;Panama;
Papua New Guinea;Oceania;;1.336;934;668;586;537;588;549;487;638;778;649;633;662;988;976;1.643;1.034;772;826;1.140;164;110;571;850;1.073;;Papua New Guinea;
Paraguay;South America;;18.714;16.405;12.069;9.754;9.716;10.326;9.218;10.973;12.062;12.564;14.657;16.877;19.384;26.355;28.818;31.029;32.076;30.704;35.643;34.295;8.157;38.145;23.519;26.428;27.698;;Paraguay;
Peru;South America;;192.062;186.008;164.482;154.324;151.409;151.823;133.398;148.967;162.883;160.474;173.269;174.108;187.882;231.020;252.394;287.566;296.633;287.524;303.980;331.905;91.917;404.937;308.304;339.516;364.152;;Peru;
Philippines;Asia;;168.053;180.549;173.203;134.338;143.962;153.821;153.887;171.829;179.820;171.680;177.525;172.322;179.716;216.698;226.165;244.202;287.762;309.311;310.054;332.022;45.812;61.041;191.218;290.716;364.246;;Philippines;
Pitcairn Islands;Oceania;;1;0;2;0;4;5;0;4;34;1;2;5;11;57;64;28;42;30;70;87;15;10;46;76;99;;Pitcairn Islands;
Poland;Eastern Europe;;116.277;108.244;108.707;107.892;123.003;134.430;137.588;138.525;146.887;115.327;114.702;113.816;110.185;137.708;162.914;172.147;180.847;199.559;211.107;228.395;48.717;36.108;226.767;305.587;365.759;;Poland;
Portugal;Western Europe;;86.333;67.222;56.012;54.572;60.930;68.111;71.406;80.611;89.158;74.457;93.584;100.908;95.563;102.654;110.128;116.285;128.481;138.213;147.012;155.287;24.543;25.335;126.584;156.612;180.321;;Portugal;
Qatar;Middle East;;5.860;5.730;2.842;2.698;3.203;4.250;5.650;7.850;10.759;11.523;14.931;19.333;23.913;27.059;30.225;34.119;33.962;27.674;32.086;33.146;5.985;19.298;25.576;33.283;28.650;;Qatar;
Reunion;Africa;;331;202;81;174;127;229;130;249;437;513;533;583;740;698;889;1.443;2.949;1.093;1.508;2.004;254;147;1.297;1.568;1.943;;Reunion;
Romania;Eastern Europe;;27.418;28.261;26.440;25.058;30.270;37.627;39.775;44.466;49.968;41.411;45.444;47.074;48.020;56.031;59.907;62.967;69.160;75.820;80.796;88.574;17.698;22.087;55.026;82.823;92.647;;Romania;
Russia;Eastern Europe;;76.739;70.348;64.228;62.330;72.419;84.780;94.681;114.850;142.998;142.650;174.511;226.825;258.368;350.167;352.535;269.572;273.518;300.544;265.732;256.782;60.953;81.961;49.776;62.375;87.977;;Russia;
Rwanda;Africa;;776;682;657;674;945;1.132;1.218;1.490;1.752;1.649;1.840;2.269;2.850;2.916;3.491;3.654;4.654;4.403;5.542;6.197;1.503;2.507;4.183;5.146;6.512;;Rwanda;
Saint Barthelemy;Caribbean;;;;;;;;;;;;;;;3;68;65;34;49;55;56;14;50;100;246;352;;Saint Barthelemy;
Saint Maarten;Caribbean;;;;;;;;;;;;;;;120;1.591;1.637;1.568;1.985;3.045;0;0;0;0;0;0;;Saint Maarten;
Saint Martin;Caribbean;;;;;;;;;;;;;;;5;63;116;97;95;247;219;1.474;4.061;5.511;5.764;5.702;;Saint Martin;
San Marino;Western Europe;;794;503;281;284;362;429;514;524;700;694;674;770;608;597;669;738;644;618;712;669;120;59;262;547;724;;San Marino;
Sao Tome And Principe;Africa;;57;49;33;33;28;30;34;45;24;20;160;180;105;50;62;71;61;57;52;30;9;6;32;37;49;;São Tomé and Príncipe;
Saudi Arabia;Middle East;;75.320;69.755;25.588;18.727;18.573;25.119;31.511;38.938;48.590;62.030;89.409;146.205;198.973;232.410;282.792;291.408;251.063;179.623;176.158;159.597;29.875;48.548;79.164;97.605;101.283;;Saudi Arabia;
Senegal;Africa;;11.185;10.395;7.762;6.830;5.689;4.804;4.445;5.212;6.623;6.536;7.176;7.347;7.088;7.981;8.009;7.818;8.506;8.155;8.107;8.871;2.561;4.708;7.660;10.054;10.226;;Senegal;
Serbia;Western Europe;;;;;;;;;;;;;;;3.160;5.377;23.408;20.416;16.522;5.381;29.452;8.698;11.924;20.088;29.943;34.234;;Serbia;
Seychelles;Africa;;419;420;266;246;164;189;167;199;213;186;217;198;194;269;319;354;382;290;394;394;80;151;336;407;457;;Seychelles;
Sierra Leone;Africa;;706;697;765;882;919;858;925;1.367;1.517;1.474;1.734;2.047;2.006;2.448;2.681;2.301;2.578;2.993;2.481;2.750;479;1.242;2.913;4.777;4.785;;Sierra Leone;
Singapore;Asia;;136.439;99.010;97.259;87.525;106.527;115.939;122.995;135.209;141.474;107.400;139.319;162.976;164.066;159.190;153.045;160.410;150.650;148.107;166.348;185.894;25.599;22.124;121.625;152.864;159.864;;Singapore;
Slovakia;Eastern Europe;;13.235;12.498;12.235;10.677;11.641;13.800;14.965;16.468;19.297;27.711;30.911;34.486;34.305;36.822;39.773;45.213;45.698;47.097;49.791;53.447;8.338;6.329;34.242;43.018;49.326;;Slovak Republic;
Slovenia;Western Europe;;14.886;10.980;7.300;9.420;11.045;12.566;12.762;16.125;20.637;19.213;18.845;19.749;19.018;18.744;20.580;24.282;20.631;23.470;25.335;28.108;6.343;3.492;16.173;22.354;28.772;;Slovenia;
Solomon Islands;Oceania;;128;148;159;99;93;74;81;116;132;138;88;109;123;300;256;263;373;175;196;204;30;15;199;144;223;;Solomon Islands;
Somalia;Africa;;105;78;23;22;35;55;30;49;55;72;98;117;56;138;224;244;287;147;142;172;67;146;198;371;346;;Somalia;
South Africa;Africa;;116.113;94.882;73.910;72.029;78.433;89.102;89.017;93.719;93.692;78.934;80.174;93.247;101.056;112.121;115.857;125.543;115.243;124.486;134.042;130.313;25.284;17.546;80.652;108.691;120.034;;South Africa;
South Korea;Asia;;661.844;617.892;638.697;617.573;626.595;705.093;757.721;806.175;759.394;743.846;1.107.518;1.211.197;1.295.069;1.437.924;1.473.365;1.775.456;1.982.516;2.334.839;2.210.597;2.298.279;439.286;202.711;919.796;1.600.400;1.700.123;;SOUTH KOREA;
South Sudan, Republic of;Africa;;;;;;;;;;;;;;;9;221;358;237;280;411;;;;;;;;Republic of South Sudan;
Spain;Western Europe;;361.177;291.052;269.520;284.031;333.432;385.640;424.224;516.471;658.333;596.766;639.654;711.982;620.641;657.147;715.139;759.951;807.447;826.818;876.248;943.248;151.519;182.458;773.421;825.790;897.336;;SPAIN;
Sri Lanka;Asia;;9.898;8.730;6.613;7.622;7.512;9.024;10.432;12.044;11.552;9.778;10.853;12.683;13.040;15.651;17.336;19.538;21.427;22.747;20.885;20.187;3.310;4.244;13.636;19.154;21.557;;Sri Lanka;
St. Helena;Africa;;;;;;;;;;;;;35;22;43;40;41;45;42;61;48;14;21;35;51;39;;St. Helena;
St. Kitts and Nevis;Caribbean;;12.084;10.183;7.917;7.897;9.863;11.403;11.112;11.086;11.045;10.222;10.328;9.710;8.640;10.321;10.626;10.983;10.989;10.364;11.277;13.019;1.956;3.356;8.213;12.147;14.866;;St. Kitts and Nevis;
St. Lucia;Caribbean;;18.100;14.941;12.530;12.007;13.846;13.879;15.022;15.520;13.814;13.397;15.072;13.341;11.699;13.105;13.327;14.427;15.271;14.780;15.300;16.933;2.914;6.453;11.932;15.957;19.547;;St. Lucia;
St. Pierre And Miquelon;Western Europe;;;;;;;;;;;;;76;86;104;101;133;123;99;140;141;17;14;90;160;120;;St. Pierre and Miquelon;
St. Vincent and the Grenadines;Caribbean;;7.291;5.931;4.992;4.928;5.724;5.939;6.544;6.155;6.043;6.002;6.221;6.288;5.626;7.607;8.021;8.258;8.347;8.023;8.276;9.401;1.761;3.220;6.153;9.765;10.986;;St. Vincent and the Grenadines;
Sudan;Africa;;1.479;1.659;852;670;628;669;1.066;1.311;1.395;1.547;2.006;2.649;2.031;2.114;3.056;3.291;4.499;2.674;3.163;2.651;670;675;2.072;2.767;2.657;;Sudan;
Suriname;South America;;7.039;5.832;5.237;5.346;5.812;5.665;5.266;6.008;7.022;8.630;8.941;9.142;10.741;12.384;13.222;14.810;12.486;12.070;12.871;14.338;1.845;5.947;14.217;13.860;15.783;;Suriname;
Swaziland;Africa;;358;310;200;191;215;399;357;316;575;499;838;1.202;1.394;1.653;1.746;1.853;1.508;1.131;1.629;1.611;284;318;1.447;1.725;1.736;;Swaziland;
Sweden;Western Europe;;321.881;230.538;204.156;211.386;254.258;290.530;285.994;337.474;397.017;324.417;371.853;443.214;445.841;493.345;554.024;588.297;560.581;522.211;506.323;451.612;73.940;46.876;247.593;287.747;304.820;;SWEDEN;
Switzerland;Western Europe;;395.031;310.826;253.940;230.042;243.186;256.730;270.571;296.369;341.955;355.727;390.591;483.234;481.103;495.816;502.509;538.490;471.070;441.270;463.139;474.550;63.321;56.094;314.226;396.283;404.434;;SWITZERLAND;
Syria;Middle East;;8.470;8.237;5.194;3.843;3.901;4.015;4.030;4.609;4.643;5.105;5.625;6.185;6.695;10.012;9.394;7.806;7.047;4.608;2.644;2.245;475;687;3.021;4.868;5.218;;Syria;
Taiwan;Asia;;457.302;357.064;288.032;238.999;297.684;318.886;300.382;311.020;294.893;239.545;291.107;299.715;292.985;407.592;419.808;444.007;466.267;474.699;478.001;499.520;91.007;50.470;137.085;341.629;398.813;;TAIWAN;
Tajikistan;Asia;;213;298;295;250;231;341;477;1.166;1.440;1.010;1.047;1.310;1.318;1.103;1.105;1.526;1.594;1.607;1.518;1.533;314;543;1.439;1.942;2.280;;Tajikistan;
Tanzania;Africa;;4.286;4.972;3.530;3.506;3.357;3.621;4.015;4.612;4.765;5.000;4.986;5.808;6.272;5.758;6.542;7.883;6.055;6.497;6.841;6.851;1.149;1.597;5.799;7.261;8.416;;Tanzania;
Thailand;Asia;;86.971;73.745;66.848;55.884;66.287;66.833;69.236;77.009;76.820;69.204;74.293;75.934;83.634;91.664;97.714;99.050;103.223;102.509;106.878;111.067;13.907;23.877;62.148;78.716;82.902;;Thailand;
Togo;Africa;;1.590;2.250;1.801;1.695;1.549;1.099;943;1.136;1.181;1.039;1.142;1.363;1.300;1.588;1.805;2.170;2.280;2.292;2.296;2.533;545;697;1.498;2.637;3.374;;Togo;
Tonga;Oceania;;2.719;2.746;2.112;1.713;1.915;2.288;2.127;2.322;1.459;1.353;1.316;1.220;1.142;1.452;1.755;3.046;3.830;3.287;2.692;2.764;423;94;1.210;2.154;2.335;;Tonga;
Trinidad and Tobago;Caribbean;;137.689;127.102;118.336;111.820;121.158;128.392;133.906;143.009;147.613;141.406;136.628;134.318;140.788;143.634;152.792;169.214;167.028;163.701;168.447;188.290;23.586;34.219;121.464;160.984;201.650;;Trinidad and Tobago;
Tunisia;Africa;;9.489;5.257;1.989;2.020;2.920;3.566;3.482;4.010;4.448;4.711;5.622;5.970;7.043;8.810;9.434;9.428;10.710;9.980;10.051;10.513;2.152;3.952;8.873;10.679;11.729;;Tunisia;
Turkey;Middle East;;106.427;82.222;78.662;75.227;76.404;84.434;90.122;95.568;107.572;94.302;115.237;131.985;145.306;168.200;175.696;192.863;202.810;184.328;165.504;170.557;46.795;71.082;120.826;167.766;194.447;;Turkey;
Turkmenistan;Asia;;194;342;185;176;334;363;378;358;300;504;596;600;704;1.044;1.251;1.239;1.199;1.340;1.052;1.017;174;101;929;2.502;2.519;;Turkmenistan;
Turks and Caicos Islands;Caribbean;;16.127;14.611;9.989;9.717;11.605;12.912;16.820;20.882;19.334;14.373;11.724;11.617;11.597;8.903;9.263;9.964;10.189;10.756;14.789;20.989;6.199;13.111;19.634;20.281;18.051;;Turks and Caicos Islands;
Tuvalu;Oceania;;57;60;41;23;31;29;12;20;18;15;57;76;14;33;53;60;67;51;57;57;7;6;63;53;102;;Tuvalu;
Uganda;Africa;;3.885;3.632;3.326;3.215;3.622;3.764;4.147;4.862;5.891;5.404;5.115;5.780;6.613;7.083;7.251;8.393;8.380;9.772;11.224;11.563;1.949;2.241;6.714;10.148;10.856;;Uganda;
Ukraine;Eastern Europe;;14.477;14.923;12.169;15.098;18.822;24.164;30.125;36.464;43.348;37.157;42.591;48.431;51.647;62.224;70.251;85.770;87.440;93.288;91.784;91.862;27.227;39.040;56.517;62.343;83.391;;Ukraine;
United Arab Emirates;Middle East;;40.039;37.518;19.080;18.353;22.571;26.883;32.633;40.498;48.564;51.472;55.425;64.564;72.420;86.605;106.017;124.050;106.399;88.933;112.590;127.007;23.859;58.431;94.459;107.486;98.744;;United Arab Emirates;
United Kingdom;Western Europe;;4.703.008;4.097.258;3.816.736;3.936.112;4.302.737;4.344.957;4.176.211;4.497.858;4.564.895;3.899.167;3.850.864;3.905.195;3.805.681;4.017.209;4.165.429;4.915.379;4.587.092;4.482.707;4.659.178;4.779.997;730.032;460.749;3.466.107;3.897.534;4.037.119;;UNITED KINGDOM;
Uruguay;South America;;69.607;60.346;47.316;34.801;28.197;29.741;30.329;32.804;33.550;36.690;41.980;47.320;54.734;68.811;76.304;78.140;80.265;75.470;83.074;80.883;15.393;33.673;63.262;67.318;74.089;;Uruguay;
Uzbekistan;Asia;;6.809;7.233;5.534;4.907;3.885;4.465;4.488;3.757;3.664;4.187;4.958;4.897;6.260;8.216;7.896;10.349;9.484;11.850;9.339;7.412;1.243;1.507;9.166;11.863;10.066;;Uzbekistan;
Vanuatu;Oceania;;495;414;214;184;176;184;184;226;225;189;165;163;194;217;239;275;255;168;236;249;47;24;229;322;293;;Vanuatu;
Venezuela;South America;;576.663;555.292;395.913;284.423;330.285;340.315;369.037;458.678;507.153;507.185;491.604;572.333;670.961;815.354;622.683;597.253;589.848;500.247;501.572;400.530;87.237;221.502;214.599;211.372;210.073;;VENEZUELA;
Vietnam;Asia;;9.061;12.928;12.360;9.463;12.401;19.191;24.068;36.894;43.733;40.423;45.914;48.551;56.052;66.629;89.239;102.279;110.894;119.660;122.512;132.796;21.222;13.186;72.722;130.283;146.042;;Vietnam;
Wallis And Futuna Islands;Oceania;;110;101;31;26;41;79;38;43;60;40;21;12;65;76;44;46;41;34;357;62;27;9;34;72;80;;Wallis And Futuna Islands;
West Indies (French);Caribbean;;;;;;;;;;;;;;;1;4;0;3;3;5;0;0;0;0;0;0;;West Indies (French);
Western Sahara;Africa;;1;1;1;1;0;8;14;8;11;1;27;141;92;100;116;118;154;153;142;79;7;14;30;23;38;;Western Sahara;
Western Samoa;Oceania;;1.206;1.107;1.006;1.208;1.015;1.173;1.258;1.433;1.339;1.264;1.192;;;;;;;;;2.738;466;534;1.277;2.316;2.257;;Western Samoa;
Yemen;Middle East;;1.995;1.259;445;388;562;937;1.078;867;718;936;1.072;979;1.433;2.219;3.714;2.894;3.405;1.773;722;779;248;609;1.296;2.531;2.721;;Yemen;
Yugoslavia;Western Europe;;8.039;10.206;10.972;5.670;3.241;3.047;2.442;2.002;1.457;723;656;294;147;160;161;83;44;61;42;21;14;9;53;125;161;;Yugoslavia;
Zaire ( formerly Congo, Democratic Republic of);Africa;;111;119;81;76;70;156;418;788;888;1.058;1.189;971;1.358;3.776;5.604;5.897;6.782;6.675;7.673;7.483;1.075;2.673;6.380;9.612;10.187;;Zaire, Republic of (formerly Dem. Congo);
Zambia;Africa;;3.337;4.413;3.165;2.782;2.882;2.893;3.013;2.795;2.489;2.310;2.994;3.130;3.560;3.755;3.876;3.990;4.073;4.498;4.649;4.363;819;1.285;3.986;4.922;4.667;;Zambia;
Zimbabwe;Africa;;8.080;6.832;5.457;5.223;5.138;4.796;4.535;4.521;4.260;3.854;4.158;4.543;4.989;5.489;6.831;7.262;7.559;8.044;7.969;7.555;1.502;2.340;6.580;9.361;11.984;;Zimbabwe;